filename	Histamine-C2:0_ratio	Histamine-C2:0_x1	Histamine-C2:0_x2	Histamine-C3:0_ratio	Histamine-C3:0_x1	Histamine-C3:0_x2	Histamine-C4:0_ratio	Histamine-C4:0_x1	Histamine-C4:0_x2	Histamine-C5:0_ratio	Histamine-C5:0_x1	Histamine-C5:0_x2	Histamine-C6:0_ratio	Histamine-C6:0_x1	Histamine-C6:0_x2	Cadaverine-C2:0_ratio	Cadaverine-C2:0_x1	Cadaverine-C2:0_x2	Cadaverine-C3:0_ratio	Cadaverine-C3:0_x1	Cadaverine-C3:0_x2	Cadaverine-C5:0_ratio	Cadaverine-C5:0_x1	Cadaverine-C5:0_x2	Cadaverine-C6:0_ratio	Cadaverine-C6:0_x1	Cadaverine-C6:0_x2	Cadaverine-C7:0_ratio	Cadaverine-C7:0_x1	Cadaverine-C7:0_x2	Dopamine-C2:0_ratio	Dopamine-C2:0_x1	Dopamine-C2:0_x2	Serotonin-C2:0_ratio	Serotonin-C2:0_x1	Serotonin-C2:0_x2	Tryptophan-C3:0_ratio	Tryptophan-C3:0_x1	Tryptophan-C3:0_x2
BHI+C+P+H_1_0h_100H2O.mzML	0.0	0	0	0.0	0	0	0.0	0	0	0.0	0	0	0.0	0	0	0.0	0	0	0.0	0	0	0.0	0	0	0.0	0	0	0.0	0	0	0.0	0	0	0.0	0	0	0.0088995999228287	0.008555242301199232	-8.935620268663238
BHI+C+P+H_1_72h_100H2O.mzML	0.0	0	0	0.0	0	0	0.0	0	0	0.0	0	0	0.0	0	0	0.0	0	0	0.0	0	0	0.0	0	0	0.0	0	0	0.0	0	0	0.0163727057185343	0.009598335153392987	6.360686853439063	0.0	0	0	0.0	0	0
BHI+C+P+H_2_0h_100H2O.mzML	0.0190571576903998	-0.06098363811758017	11.018255618396955	0.0	0	0	0.0	0	0	0.0	0	0	0.0	0	0	0.0	0	0	0.0	0	0	0.0	0	0	0.0	0	0	0.0	0	0	0.0	0	0	0.0	0	0	0.0094883752104906	0.009133656457991919	-8.936198682820033
BHI+C+P+H_2_72h_100H2O.mzML	0.0	0	0	0.0	0	0	0.0	0	0	0.0	0	0	0.0	0	0	0.0224070045615191	-0.47834787959940617	42.1031097843613	0.0	0	0	0.0	0	0	0.0	0	0	0.0	0	0	0.0	0	0	0.0	0	0	0.022774093907834	0.022165746290691013	-8.94923077265273
BHI+C+P+H_3_0h_100H2O.mzML	0.0	0	0	0.0	0	0	0.0	0	0	0.0	0	0	0.0	0	0	0.0	0	0	0.0	0	0	0.0	0	0	0.0	0	0	0.0	0	0	0.0	0	0	0.0	0	0	0.0	0	0
BHI+C+P+H_3_72h_100H2O.mzML	0.0	0	0	0.0	0	0	0.0	0	0	0.0	0	0	0.009176339959578	-0.00016331068820664638	-0.25549107724909903	0.0	0	0	0.0	0	0	0.0	0	0	0.0	0	0	0.0	0	0	0.0	0	0	0.0	0	0	0.0172682089286065	0.016769570100824444	-8.943834596462862
BHI+C+P+H_4_0h_100H2O.mzML	0.0	0	0	0.0	0	0	0.0	0	0	0.0	0	0	0.0	0	0	0.0	0	0	0.0	0	0	0.0	0	0	0.0	0	0	0.0	0	0	0.0	0	0	0.0	0	0	0.0059482679389129	0.005654719054491234	-8.932719745416529
BHI+C+P+H_4_72h_100H2O.mzML	0.0	0	0	0.0	0	0	0.0	0	0	0.0	0	0	0.0	0	0	0.0703249086754966	-0.4676278165401303	42.092389721302034	0.0	0	0	0.0	0	0	0.0	0	0	0.0	0	0	0.0	0	0	0.0	0	0	0.0102970265572116	0.009927955448314282	-8.936992981810354
BHI_1_0h_100H2O.mzML	0.0454348386470719	-0.05902698969510739	11.016298969974482	0.0	0	0	0.0	0	0	0.0	0	0	0.0	0	0	0.0	0	0	0.0	0	0	0.0	0	0	0.0	0	0	0.0	0	0	0.0	0	0	0.0	0	0	0.0082913577893944	0.007957625298660684	-8.935022651660699
BHI_1_72h_100H2O.mzML	0.0	0	0	0.0	0	0	0.0	0	0	0.0	0	0	0.0	0	0	0.0	0	0	0.0	0	0	0.0	0	0	0.0	0	0	0.0	0	0	0.0	0	0	0.0	0	0	0.005310608268844	0.005027789700050381	-8.932092816062088
BHI_2_0h_100H2O.mzML	0.0	0	0	0.0	0	0	0.0	0	0	0.0	0	0	0.0	0	0	0.0	0	0	0.0	0	0	0.0	0	0	0.0	0	0	0.0	0	0	0.0	0	0	0.0	0	0	0.0069590341681219	0.006648296314487337	-8.933713322676528
BHI_2_72h_100H2O.mzML	0.0	0	0	0.0	0	0	0.0	0	0	0.0	0	0	0.0	0	0	0.0	0	0	0.0	0	0	0.0	0	0	0.0	0	0	0.0	0	0	0.0	0	0	0.0	0	0	0.009540620866918	0.009184979094218709	-8.936250005456257
BHI_3_0h_100H2O.mzML	0.0	0	0	0.0	0	0	0.0	0	0	0.0	0	0	0.0	0	0	0.0	0	0	0.0	0	0	0.0	0	0	0.0	0	0	0.0	0	0	0.0	0	0	0.0	0	0	0.0109490167191017	0.010568271074390333	-8.93763329743643
BHI_3_72h_100H2O.mzML	0.0	0	0	0.0	0	0	0.0	0	0	0.0	0	0	0.0	0	0	0.0	0	0	0.0	0	0	0.0	0	0	0.0	0	0	0.0	0	0	0.0	0	0	0.0	0	0	0.0116260983220939	0.011233131871303632	-8.938298158233343
Ca_1_0h_100H2O.mzML	0.0234261335758631	-0.06065960318611939	11.017931583465494	0.0	0	0	0.0	0	0	0.0	0	0	0.0	0	0	0.0363147857385637	-0.47523702469884066	42.099998929460746	0.0	0	0	0.0	0	0	0.0	0	0	0.0	0	0	0.0	0	0	0.0	0	0	0.0	0	0
Ca_1_72h_100H2O.mzML	4.03885146776606	0.2456301580962387	10.711641822183136	0.5060491993832794	0.023299413261157687	6.280069106876004	0.0	0	0	0.0	0	0	0.0	0	0	1.6254517821285006	-0.11673850060211304	41.741500405364015	0.0552888292008731	-0.0933807791382512	23.76659409064943	0.0	0	0	0.0	0	0	0.0	0	0	0.0	0	0	0.0	0	0	0.022934551411871	0.022322909218294704	-8.949387935580333
Ca_2_0h_100H2O.mzML	0.0225619378813355	-0.060723699709038945	11.017995679988415	0.0	0	0	0.0	0	0	0.0	0	0	0.0	0	0	0.0	0	0	0.0	0	0	0.0	0	0	0.0	0	0	0.0	0	0	0.0	0	0	0.0	0	0	0.004401576517164	0.004133902718478658	-8.931198929080516
Ca_2_72h_100H2O.mzML	5.231628832978893	0.3401290474506285	10.617142932828747	0.4312792686448973	0.01928456028408558	6.284083959853075	0.0	0	0	0.0	0	0	0.0	0	0	2.279545392326798	0.032617283778638546	41.59214462098326	0.0400289400192344	-0.09512522375688953	23.76833853526807	0.0	0	0	0.0	0	0	0.0	0	0	0.0	0	0	0.0	0	0	0.007467686704633	0.007148215245765242	-8.934213241607806
Ca_3_0h_100H2O.mzML	0.0	0	0	0.0	0	0	0.0	0	0	0.0	0	0	0.0	0	0	0.0329577513758204	-0.4759879586917418	42.10074986345364	0.0	0	0	0.0	0	0	0.0	0	0	0.0	0	0	0.0	0	0	0.0	0	0	0.0084550396123358	0.00811845568600293	-8.935183482048043
Ca_3_72h_100H2O.mzML	4.996196790059416	0.3213395677880715	10.635932412491304	0.6173155291685596	0.029283537316947838	6.274084982820213	0.0	0	0	0.0	0	0	0.0	0	0	1.990425263374616	-0.0335323919799645	41.65829429674187	0.1163463223864575	-0.08639839661335932	23.75961170812454	0.0	0	0	0.0	0	0	0.0	0	0	0.0	0	0	0.0	0	0	0.0299837786656051	0.02922197278207545	-8.956286999144114
Ca_4_0h_100H2O.mzML	0.0	0	0	0.0	0	0	0.0	0	0	0.0	0	0	0.0	0	0	0.0	0	0	0.0	0	0	0.0	0	0	0.0	0	0	0.0	0	0	0.0	0	0	0.0	0	0	0.0151503069613342	0.014692137236837302	-8.941757163598876
Ca_4_72h_100H2O.mzML	4.246252996983847	0.2619387861241685	10.695333194155207	0.6157596123268381	0.029199777957251444	6.27416874217991	0.0	0	0	0.0	0	0	0.0	0	0	2.0240181842967937	-0.025857230833899115	41.650619135595804	0.0800614759327786	-0.09054833387708912	23.76376164538827	0.0	0	0	0.0	0	0	0.0	0	0	0.0	0	0	0.0	0	0	0.0157089108038679	0.015240160774994802	-8.942305187137034
Cm_1_0h_100H2O.mzML	0.0	0	0	0.0	0	0	0.0	0	0	0.0	0	0	0.0	0	0	0.0	0	0	0.0	0	0	0.0	0	0	0.0	0	0	0.0	0	0	0.0	0	0	0.0	0	0	0.0198703089606588	0.019320630894089537	-8.946385657256128
Cm_1_72h_100H2O.mzML	3.0942717318814417	0.17198880953645693	10.78528317074292	0.0	0	0	0.0	0	0	0.0	0	0	0.0	0	0	0.1694654362706256	-0.44543120466973923	42.07019310943164	0.0	0	0	0.0	0	0	0.0	0	0	0.0	0	0	0.0	0	0	0.0	0	0	0.010791721949718	0.010413801212737512	-8.937478827574777
Cm_2_0h_100H2O.mzML	0.0195404559926626	-0.06094779414344278	11.018219774422818	0.0	0	0	0.0	0	0	0.0	0	0	0.0	0	0	0.0	0	0	0.0	0	0	0.0	0	0	0.0	0	0	0.0	0	0	0.0	0	0	0.0	0	0	0.0090395619802298	0.008692748116786884	-8.935757774478827
Cm_2_72h_100H2O.mzML	3.594182465842814	0.21083461715799512	10.74643736312138	0.0	0	0	0.0	0	0	0.0	0	0	0.0	0	0	0.2874439710205547	-0.4189867052052091	42.04374860996711	0.0	0	0	0.0	0	0	0.0	0	0	0.0	0	0	0.0	0	0	0.0	0	0	0.0280501715720262	0.027330610557445536	-8.954395636919484
Cm_3_0h_100H2O.mzML	0.0	0	0	0.0	0	0	0.0	0	0	0.0	0	0	0.0	0	0	0.0	0	0	0.0	0	0	0.0	0	0	0.0	0	0	0.0	0	0	0.0	0	0	0.0	0	0	0.0	0	0
Cm_3_72h_100H2O.mzML	3.3876393407865875	0.19475046142284919	10.762521518856525	0.0	0	0	0.0	0	0	0.0	0	0	0.0	0	0	0.197929577349936	-0.43905407320152906	42.06381597796343	0.0	0	0	0.0	0	0	0.0	0	0	0.0	0	0	0.0	0	0	0.0074212393277393	0.0007786034548197167	0.6589791099655853	0.0176195415514837	0.01711409627790312	-8.944179122639943
Cm_4_0h_100H2O.mzML	0.0304789368500809	-0.06013647615335303	11.017408456432728	0.0	0	0	0.0	0	0	0.0	0	0	0.0	0	0	0.0	0	0	0.0	0	0	0.0	0	0	0.0	0	0	0.0	0	0	0.0	0	0	0.0	0	0	0.0082412144714619	0.007908354349900561	-8.934973380711941
Cm_4_72h_100H2O.mzML	3.003299266247863	0.16495029101071357	10.792321689268661	0.0	0	0	0.0	0	0	0.0	0	0	0.0	0	0	0.2010263108714315	-0.4383601628448705	42.06312206760677	0.0	0	0	0.0	0	0	0.0	0	0	0.0	0	0	0.0	0	0	0.0	0	0	0.0210482910059288	0.020475030012738513	-8.947540056374779
Dl_1_0h_100H2O.mzML	0.0192070208742395	-0.0609725234911255	11.0182445037705	0.0	0	0	0.0	0	0	0.0	0	0	0.0	0	0	0.0	0	0	0.0	0	0	0.0	0	0	0.0	0	0	0.0	0	0	0.0	0	0	0.0	0	0	0.0116710158437912	0.011277235171987067	-8.938342261534027
Dl_1_72h_100H2O.mzML	0.4750647320767568	-0.0270599274272198	10.984331907706595	0.1741321494473481	0.005515874734817016	6.297852645402345	0.0	0	0	0.0	0	0	0.0	0	0	0.1644690998030738	-0.44655039096944316	42.07131229573134	0.0	0	0	0.0	0	0	0.0	0	0	0.0	0	0	0.0	0	0	0.0	0	0	0.0271132952467499	0.02641391628972919	-8.953478942651767
Dl_2_0h_100H2O.mzML	0.0	0	0	0.0	0	0	0.0	0	0	0.0	0	0	0.0	0	0	0.0	0	0	0.0	0	0	0.0	0	0	0.0	0	0	0.0	0	0	0.0	0	0	0.0	0	0	0.0	0	0
Dl_2_72h_100H2O.mzML	0.6365669203996842	-0.01499508317092767	10.972267063450303	0.1882908386823732	0.0062724196858668195	6.297096100451293	0.0	0	0	0.0	0	0	0.0	0	0	0.1880806197925326	-0.4412608589025617	42.06602276366447	0.0	0	0	0.0	0	0	0.0	0	0	0.0	0	0	0.0	0	0	0.0	0	0	0.0417735934844791	0.0407370231413388	-8.967802049503378
Dl_3_0h_100H2O.mzML	0.0	0	0	0.0	0	0	0.0	0	0	0.0	0	0	0.0	0	0	0.0	0	0	0.0	0	0	0.0	0	0	0.0	0	0	0.0	0	0	0.0	0	0	0.0	0	0	0.0	0	0
Dl_3_72h_100H2O.mzML	0.742281553720417	-0.00708341833740679	10.964355398616782	0.1500286222378444	0.00422836294770886	6.299140157189452	0.0	0	0	0.0	0	0	0.0	0	0	0.2227356018925556	-0.43349494845606223	42.05825685321796	0.0	0	0	0.0	0	0	0.0	0	0	0.0	0	0	0.0	0	0	0.0	0	0	0.016360998530882	0.015879812738433998	-8.942944839100472
Dl_4_0h_100H2O.mzML	0.0	0	0	0.0	0	0	0.0	0	0	0.0	0	0	0.0	0	0	0.0	0	0	0.0	0	0	0.0	0	0	0.0	0	0	0.0	0	0	0.0	0	0	0.0	0	0	0.0070825572566498	0.006769703641367108	-8.933834730003406
Dl_4_72h_100H2O.mzML	0.4802569005472186	-0.026672463512241482	10.983944443791618	0.3249350408286591	0.013583139173100412	6.2897853809640605	0.0	0	0	0.0	0	0	0.0	0	0	0.0709797578360236	-0.4674812780632642	42.092243182825165	0.0	0	0	0.0	0	0	0.0	0	0	0.0	0	0	0.0	0	0	0.0	0	0	0.0177530063983394	0.01724496853724302	-8.944309994899282
Dp_1_0h_100H2O.mzML	0.0	0	0	0.0	0	0	0.0	0	0	0.0	0	0	0.0	0	0	0.0	0	0	0.0	0	0	0.0	0	0	0.0	0	0	0.0	0	0	0.0	0	0	0.0	0	0	0.0	0	0
Dp_1_72h_100H2O.mzML	0.0	0	0	0.0	0	0	0.0	0	0	0.0	0	0	0.0	0	0	0.0	0	0	0.0	0	0	0.0	0	0	0.0	0	0	0.0	0	0	0.0	0	0	0.0	0	0	0.0095045800552641	0.009149575075957404	-8.936214601437996
Dp_2_0h_100H2O.mzML	0.0	0	0	0.0	0	0	0.0	0	0	0.0	0	0	0.0	0	0	0.0	0	0	0.0	0	0	0.0	0	0	0.0	0	0	0.0	0	0	0.0	0	0	0.0	0	0	0.003867141618169	0.0036082881891339453	-8.930673314551173
Dp_2_72h_100H2O.mzML	0.0	0	0	0.0	0	0	0.0	0	0	0.0	0	0	0.0	0	0	0.0	0	0	0.0	0	0	0.0	0	0	0.0	0	0	0.0	0	0	0.0	0	0	0.0	0	0	0.0166168856068036	0.016130794918021236	-8.943195821280062
Dp_3_0h_100H2O.mzML	0.0	0	0	0.0	0	0	0.0	0	0	0.0	0	0	0.0	0	0	0.0	0	0	0.0	0	0	0.0	0	0	0.0	0	0	0.0	0	0	0.0	0	0	0.0	0	0	0.0120343617151543	0.0116339786855004	-8.938699005047539
Dp_3_72h_100H2O.mzML	0.0	0	0	0.0	0	0	0.0	0	0	0.0	0	0	0.0	0	0	0.0	0	0	0.0	0	0	0.0	0	0	0.0	0	0	0.0	0	0	0.0	0	0	0.0	0	0	0.0	0	0
Dp_4_0h_100H2O.mzML	0.0	0	0	0.0	0	0	0.0	0	0	0.0	0	0	0.0	0	0	0.0	0	0	0.0	0	0	0.0	0	0	0.0	0	0	0.0	0	0	0.0	0	0	0.0	0	0	0.0062678969096642	0.005968936332707244	-8.933033962694747
Dp_4_72h_100H2O.mzML	0.0	0	0	0.0	0	0	0.0	0	0	0.0	0	0	0.0	0	0	0.0	0	0	0.0	0	0	0.0	0	0	0.0	0	0	0.0	0	0	0.0	0	0	0.0	0	0	0.0087708568798536	0.008428754880429485	-8.935493781242469
Es_1_0h_100H2O.mzML	0.0	0	0	0.0	0	0	0.0	0	0	0.0	0	0	0.0	0	0	0.0	0	0	0.0	0	0	0.0	0	0	0.0	0	0	0.0	0	0	0.0	0	0	0.0	0	0	0.0110917624619584	0.010708448584338556	-8.937773474946377
Es_1_72h_100H2O.mzML	0.0	0	0	0.0	0	0	0.0	0	0	0.0	0	0	0.0	0	0	0.0	0	0	0.0	0	0	0.0	0	0	0.0	0	0	0.0	0	0	0.0	0	0	0.0	0	0	0.0228061659259694	0.02219716023387666	-8.949262186595917
Es_2_0h_100H2O.mzML	0.0	0	0	0.0	0	0	0.0	0	0	0.0	0	0	0.0	0	0	0.0	0	0	0.0	0	0	0.0	0	0	0.0	0	0	0.0	0	0	0.0	0	0	0.0	0	0	0.0136631871631231	0.013232857381803912	-8.940297883743842
Es_2_72h_100H2O.mzML	0.0176395631571625	-0.06108877313458394	11.018360753413958	0.0	0	0	0.0	0	0	0.0	0	0	0.0	0	0	0.0	0	0	0.0	0	0	0.0	0	0	0.0	0	0	0.0	0	0	0.0	0	0	0.0	0	0	0.0	0	0
Es_3_0h_100H2O.mzML	0.0	0	0	0.0	0	0	0.0	0	0	0.0	0	0	0.0	0	0	0.0	0	0	0.0	0	0	0.0	0	0	0.0	0	0	0.0	0	0	0.0	0	0	0.0	0	0	0.0062321821224336	0.005933827334890255	-8.93299885369693
Es_3_72h_100H2O.mzML	0.0	0	0	0.0	0	0	0.0	0	0	0.0	0	0	0.0	0	0	0.0	0	0	0.0	0	0	0.0	0	0	0.0	0	0	0.0	0	0	0.0	0	0	0.0	0	0	0.0050595758401019	0.004780957427371197	-8.93184598378941
Es_4_0h_100H2O.mzML	0.0	0	0	0.0	0	0	0.0	0	0	0.0	0	0	0.0	0	0	0.0	0	0	0.0	0	0	0.0	0	0	0.0	0	0	0.0	0	0	0.0	0	0	0.0	0	0	0.00393131012032	0.003671400914562488	-8.930736427276601
Es_4_72h_100H2O.mzML	0.0	0	0	0.0	0	0	0.0	0	0	0.0	0	0	0.0	0	0	0.0	0	0	0.0	0	0	0.0	0	0	0.0	0	0	0.0	0	0	0.0	0	0	0.0	0	0	0.0088462593004755	0.008502836658883807	-8.935567863020923
Hb_1_0h_100H2O.mzML	0.0334956166142947	-0.0599127051111553	11.01718468539053	0.0	0	0	0.0	0	0	0.0	0	0	0.0	0	0	0.0	0	0	0.0	0	0	0.0	0	0	0.0	0	0	0.0	0	0	0.0	0	0	0.0	0	0	0.0043124724901384	0.0040462735692566665	-8.931111299931295
Hb_1_72h_100H2O.mzML	1.4904310813802024	0.049237456882961	10.908034523396415	0.1255587895577992	0.0029218231396318417	6.300446696997529	0.0	0	0	0.0	0	0	0.0	0	0	0.2391869200146844	-0.4298073429326046	42.05456924769451	0.0	0	0	0.0	0	0	0.0	0	0	0.0	0	0	0.0	0	0	0.0	0	0	0.0088127109563142	0.008469876051616441	-8.935534902413657
Hb_2_0h_100H2O.mzML	0.0	0	0	0.0	0	0	0.0	0	0	0.0	0	0	0.0	0	0	0.0	0	0	0.0	0	0	0.0	0	0	0.0	0	0	0.0	0	0	0.0	0	0	0.0	0	0	0.0102447051843965	0.009876566969337376	-8.936941593331376
Hb_2_72h_100H2O.mzML	1.3856065817972034	0.041311100301922116	10.915960879977453	0.1691681515936944	0.005250675205142964	6.298117844932018	0.0	0	0	0.0	0	0	0.0	0	0	0.2894122489699558	-0.4185452428493357	42.04330714761124	0.0	0	0	0.0	0	0	0.0	0	0	0.0	0	0	0.0	0	0	0.0	0	0	0.0147637422520335	0.014312855037105872	-8.941377881399143
Hb_3_0h_100H2O.mzML	0.0	0	0	0.0	0	0	0.0	0	0	0.0	0	0	0.0	0	0	0.0	0	0	0.0	0	0	0.0	0	0	0.0	0	0	0.0	0	0	0.0	0	0	0.0	0	0	0.0045992881817097	0.004328335659804713	-8.931393362021844
Hb_3_72h_100H2O.mzML	1.8461953665154236	0.07622546135145139	10.881046518927924	0.1319508825808569	0.003263069600046279	6.300105450537115	0.0	0	0	0.0	0	0	0.0	0	0	0.4059558042169425	-0.39238946575646716	42.01715137051838	0.0	0	0	0.0	0	0	0.0	0	0	0.0	0	0	0.0	0	0	0.0	0	0	0.0371428424889476	0.03621770695105109	-8.963282733313092
Hb_4_0h_100H2O.mzML	0.0	0	0	0.0	0	0	0.0	0	0	0.0	0	0	0.0	0	0	0.0	0	0	0.0	0	0	0.0	0	0	0.0	0	0	0.0	0	0	0.0	0	0	0.0	0	0	0.0074870319345716	0.007167227213078146	-8.934232253575118
Hb_4_72h_100H2O.mzML	1.7050591500682672	0.06550287534578744	10.891769104933589	0.1567334453744852	0.004586454280522385	6.2987820658566385	0.0	0	0	0.0	0	0	0.0	0	0	0.2393214634559588	-0.4297771820330024	42.054539086794904	0.0	0	0	0.0	0	0	0.0	0	0	0.0	0	0	0.0	0	0	0.0	0	0	0.0163766654940053	0.015895179798111083	-8.94296020616015
Me_1_0h_100H2O.mzML	0.0	0	0	0.0	0	0	0.0	0	0	0.0	0	0	0.0	0	0	0.0	0	0	0.0	0	0	0.0	0	0	0.0	0	0	0.0	0	0	0.0	0	0	0.0	0	0	0.0110624401041157	0.010679654142810085	-8.93774468050485
Me_1_72h_100H2O.mzML	0.0	0	0	0.0	0	0	0.0	0	0	0.0	0	0	0.0	0	0	0.0	0	0	0.0	0	0	0.0	0	0	0.0	0	0	0.0	0	0	0.0	0	0	0.0	0	0	0.0112451419407791	0.010859063617177284	-8.937924089979216
Me_2_0h_100H2O.mzML	0.0	0	0	0.0	0	0	0.0	0	0	0.0	0	0	0.0	0	0	0.0	0	0	0.0	0	0	0.0	0	0	0.0	0	0	0.0	0	0	0.0	0	0	0.0	0	0	0.0076097704687798	0.0072878494319375325	-8.934352875793975
Me_2_72h_100H2O.mzML	0.0	0	0	0.0	0	0	0.0	0	0	0.0	0	0	0.0	0	0	0.0	0	0	0.0	0	0	0.0	0	0	0.0	0	0	0.0	0	0	0.0	0	0	0.0	0	0	0.0099368282831985	0.00957416757758478	-8.936639193939623
Me_3_0h_100H2O.mzML	0.0	0	0	0.0	0	0	0.0	0	0	0.0	0	0	0.0	0	0	0.0	0	0	0.0	0	0	0.0	0	0	0.0	0	0	0.0	0	0	0.0	0	0	0.0	0	0	0.014423780546767	0.013979271333490369	-8.94104429769553
Me_3_72h_100H2O.mzML	0.0	0	0	0.0	0	0	0.0	0	0	0.0	0	0	0.0	0	0	0.0	0	0	0.0	0	0	0.0	0	0	0.0	0	0	0.0	0	0	0.0	0	0	0.0	0	0	0.0113100112174874	0.010922762192310836	-8.93798778855435
Me_4_0h_100H2O.mzML	0.0	0	0	0.0	0	0	0.0	0	0	0.0	0	0	0.0	0	0	0.0	0	0	0.0	0	0	0.0	0	0	0.0	0	0	0.0	0	0	0.0	0	0	0.0	0	0	0.0048446155131388	0.004569582877607789	-8.931634609239646
Me_4_72h_100H2O.mzML	0.0	0	0	0.0	0	0	0.0	0	0	0.0	0	0	0.0	0	0	0.0	0	0	0.0	0	0	0.0	0	0	0.0	0	0	0.0	0	0	0.0	0	0	0.0	0	0	0.0	0	0
Pb_1_0h_100H2O.mzML	0.0	0	0	0.0	0	0	0.0	0	0	0.0	0	0	0.0	0	0	0.0	0	0	0.0	0	0	0.0	0	0	0.0	0	0	0.0	0	0	0.0	0	0	0.0	0	0	0.011787596456458	0.011391700496941376	-8.938456726858979
Pb_1_72h_100H2O.mzML	1.952657704121892	0.0843278605166918	10.872944119762684	1.1315429694818468	0.05709002652702641	6.246278493610134	0.0	0	0	0.0	0	0	0.0	0	0	0.7588176987261317	-0.3129994942382197	41.937761399000124	0.0	0	0	0.0	0	0	0.0	0	0	0.0	0	0	0.0	0	0	0.0	0	0	0.019494727755088	0.018952506231368214	-8.946017532593407
Pb_2_0h_100H2O.mzML	0.0	0	0	0.0	0	0	0.0	0	0	0.0	0	0	0.0	0	0	0.0	0	0	0.0	0	0	0.0	0	0	0.0	0	0	0.0	0	0	0.0	0	0	0.0	0	0	0.0077328747125733	0.007408827785801241	-8.934473854147841
Pb_2_72h_100H2O.mzML	1.6652270235246294	0.06248053764718302	10.894791442632192	1.2014560408820905	0.060889844697873285	6.242478675439289	0.0	0	0	0.0	0	0	0.0	0	0	0.7555266082745349	-0.3137413310147016	41.9385032357766	0.0351606825332572	-0.09568168826695474	23.768894999778137	0.0	0	0	0.0	0	0	0.0	0	0	0.0	0	0	0.0	0	0	0.0313560514339995	0.030563781633729182	-8.957628807995768
Pb_3_0h_100H2O.mzML	0.0	0	0	0.0	0	0	0.0	0	0	0.0	0	0	0.0	0	0	0.0	0	0	0.0	0	0	0.0	0	0	0.0	0	0	0.0	0	0	0.0	0	0	0.0	0	0	0.0274199731360964	0.026714008370918713	-8.953779034732957
Pb_3_72h_100H2O.mzML	1.6600357017829883	0.06208676054018898	10.895185219739187	1.2384574303667135	0.06290278450945322	6.2404657356277085	0.0	0	0	0.0	0	0	0.0	0	0	0.7231437114849173	-0.3210392931410614	41.945801197902966	0.0326532614704797	-0.09596828805062738	23.769181599561815	0.0	0	0	0.0	0	0	0.0	0	0	0.0	0	0	0.0	0	0	0.0250972789427199	0.024440693765022985	-8.951505720127063
Pb_4_0h_100H2O.mzML	0.0	0	0	0.0	0	0	0.0	0	0	0.0	0	0	0.0	0	0	0.0	0	0	0.0	0	0	0.0	0	0	0.0	0	0	0.0	0	0	0.0	0	0	0.0225732576423618	0.002964584665641509	0.6567931287547636	0.0037958141476986	0.0035381332368158987	-8.930603159598856
Pb_4_72h_100H2O.mzML	1.4510007965277398	0.04625455934551638	10.91101742093386	1.1282073935595476	0.05690885254230154	6.24645966759486	0.0	0	0	0.0	0	0	0.0	0	0	0.6185355955512076	-0.34459707012115326	41.96935897488306	0.0820995946177392	-0.09031527030706506	23.76352858181825	0.0	0	0	0.0	0	0	0.0	0	0	0.0	0	0	0.0	0	0	0.0103640110314863	0.00999374472294966	-8.937058771084988
Ri_1_0h_100H2O.mzML	0.0	0	0	0.0	0	0	0.0	0	0	0.0	0	0	0.0	0	0	0.0	0	0	0.0	0	0	0.0	0	0	0.0	0	0	0.0	0	0	0.0	0	0	0.0	0	0	0.0052829579389229	0.005000602670580279	-8.93206562903262
Ri_1_72h_100H2O.mzML	0.1671970111313523	-0.04998591695046169	11.007257897229838	0.0	0	0	0.0	0	0	0.0	0	0	0.0	0	0	0.0194769087774731	-0.47900321753748915	42.10376512229939	0.0	0	0	0.0	0	0	0.0	0	0	0.0	0	0	0.0	0	0	0.0	0	0	0.0258034152858209	0.025131939726094295	-8.952196966088133
Ri_2_0h_100H2O.mzML	0.0	0	0	0.0	0	0	0.0	0	0	0.0	0	0	0.0	0	0	0.0	0	0	0.0	0	0	0.0	0	0	0.0	0	0	0.0	0	0	0.0	0	0	0.0	0	0	0.0069892213561555	0.006677966746588604	-8.933742993108627
Ri_2_72h_100H2O.mzML	0.1554542497199632	-0.05085848338438699	11.008130463663761	0.0	0	0	0.0	0	0	0.0	0	0	0.0	0	0	0.0342080115759765	-0.4757082914644183	42.100470196226325	0.0	0	0	0.0	0	0	0.0	0	0	0.0	0	0	0.0	0	0	0.0	0	0	0.0154430566565789	0.014979350433776028	-8.942044376795813
Ri_3_0h_100H2O.mzML	0.0	0	0	0.0	0	0	0.0	0	0	0.0	0	0	0.0	0	0	0.0	0	0	0.0	0	0	0.0	0	0	0.0	0	0	0.0	0	0	0.0	0	0	0.0	0	0	0.0106211018310324	0.010246239285651562	-8.937311265647692
Ri_3_72h_100H2O.mzML	0.1771171868644127	-0.049248673608657347	11.006520653888034	0.0	0	0	0.0	0	0	0.0	0	0	0.0	0	0	0.0	0	0	0.0	0	0	0.0	0	0	0.0	0	0	0.0	0	0	0.0	0	0	0.0	0	0	0.0404952781828412	0.03948992255100537	-8.966554948913044
Ri_4_0h_100H2O.mzML	0.0	0	0	0.0	0	0	0.0	0	0	0.0	0	0	0.0	0	0	0.0	0	0	0.0	0	0	0.0	0	0	0.0	0	0	0.0	0	0	0.0	0	0	0.0	0	0	0.0	0	0
Ri_4_72h_100H2O.mzML	0.1700569318080428	-0.04977338468521476	11.00704536496459	0.0	0	0	0.0	0	0	0.0	0	0	0.0	0	0	0.0380858153041257	-0.4748408529615032	42.0996027577234	0.0	0	0	0.0	0	0	0.0	0	0	0.0	0	0	0.0	0	0	0.0	0	0	0.0294555680759405	0.028705381433679494	-8.95577040779572
St_1_0h_100H2O.mzML	0.0	0	0	0.0	0	0	0.0	0	0	0.0	0	0	0.0	0	0	0.0	0	0	0.0	0	0	0.0	0	0	0.0	0	0	0.0	0	0	0.0	0	0	0.0	0	0	0.0063125037584118	0.00601278617875886	-8.933077812540798
St_1_72h_100H2O.mzML	0.0531332717424078	-0.05845580357815538	11.015727783857532	0.0	0	0	0.0	0	0	0.0	0	0	0.0	0	0	0.0179007416416927	-0.4793557308168857	42.10411763557879	0.0	0	0	0.0	0	0	0.0	0	0	0.0	0	0	0.0	0	0	0.0	0	0	0.0202059378211068	0.019649570823907597	-8.946714597185945
St_2_0h_100H2O.mzML	0.0	0	0	0.0	0	0	0.0	0	0	0.0	0	0	0.0	0	0	0.0	0	0	0.0	0	0	0.0	0	0	0.0	0	0	0.0	0	0	0.0	0	0	0.0	0	0	0.0103595586751172	0.009989371839703956	-8.937054398201743
St_2_72h_100H2O.mzML	0.0236218337286718	-0.060645088200200266	11.017917068479576	0.0	0	0	0.0	0	0	0.0	0	0	0.0	0	0	0.0	0	0	0.0	0	0	0.0	0	0	0.0	0	0	0.0	0	0	0.0	0	0	0.0	0	0	0.0354727664412255	0.03458670568492184	-8.961651732046962
St_3_0h_100H2O.mzML	0.0341869762925425	-0.05986142021207207	11.017133400491447	0.0	0	0	0.0	0	0	0.0	0	0	0.0	0	0	0.0	0	0	0.0	0	0	0.0	0	0	0.0	0	0	0.0	0	0	0.0	0	0	0.0	0	0	0.0064085172319286	0.006107168791433254	-8.933172195153471
St_3_72h_100H2O.mzML	0.0299745717526049	-0.0601738880271039	11.01744586830648	0.0	0	0	0.0	0	0	0.0	0	0	0.0	0	0	0.0533401911658441	-0.4714282090388098	42.09619011380071	0.0	0	0	0.0	0	0	0.0	0	0	0.0	0	0	0.0	0	0	0.0	0	0	0.0249366093904628	0.02428339740205831	-8.951348423764099
St_4_0h_100H2O.mzML	0.0206503904182233	-0.06086547462157263	11.018137454900947	0.0	0	0	0.0	0	0	0.0	0	0	0.0	0	0	0.0	0	0	0.0	0	0	0.0	0	0	0.0	0	0	0.0	0	0	0.0	0	0	0.0	0	0	0.0093446095597342	0.008992427664515587	-8.936057454026555
St_4_72h_100H2O.mzML	0.0442665200612438	-0.05911366807625307	11.016385648355628	0.0	0	0	0.0	0	0	0.0	0	0	0.0	0	0	0.0	0	0	0.0	0	0	0.0	0	0	0.0	0	0	0.0	0	0	0.0	0	0	0.0	0	0	0.0191031758052691	0.018568695706362957	-8.9456337220684
